date,time_CET,type,files,caption
2026-06-11,08:48,single,card-v2-holding-geld.jpg,"Ein Satz hat nach 22 Jahren mehr verändert als jede Strategie:

Geld ist nicht der Treiber. Geld ist das Ergebnis von Stimmigkeit.

Solange ich dem Geld hinterherlief, lief es weg. Als ich anfing, das Richtige richtig zu bauen, kam es nach.

👉 Was treibt dich gerade – die Zahl oder die Stimmigkeit?

#Unternehmertum #Leadership #Substanz"
2026-06-11,17:12,carousel,card-kiwins-01.jpg;card-kiwins-02.jpg;card-kiwins-03.jpg;card-kiwins-04.jpg;card-kiwins-05.jpg;card-kiwins-06.jpg;card-kiwins-07.jpg;card-kiwins-08.jpg;card-kiwins-09.jpg;card-kiwins-10.jpg;card-kiwins-11.jpg;card-kiwins-12.jpg;card-kiwins-13.jpg,"Speicher dir das 👆 KI soll dir Zeit GEBEN, nicht noch ein Tool draufpacken.

10 Quick-Wins, die du diese Woche umsetzt – ohne Tool-Chaos. Der Trick steht auf Slide 12: beim Engpass anfangen, nicht beim Tool.

Wo deiner sitzt, zeigt der kostenlose KI-Check (Link in Bio).

👉 Welchen nimmst du zuerst?

#KIfürUnternehmer #Automatisierung #Produktivität #DACH"
2026-06-12,08:48,single,card-v2-mensch-burnout.jpg,"Burnout kommt nicht über Nacht. Er kommt über Monate, in denen du „läuft schon"" sagst, während innen das Licht ausgeht.

Früh hinschauen ist kein Luxus. Es ist Risikomanagement – fürs wichtigste Asset, das du hast: dich.

(Begleitung, kein Heilversprechen. Bei psychischer Erkrankung gehört ärztliche/therapeutische Hilfe an die erste Stelle.)

👉 Kennst du das Gefühl?

#MentaleGesundheit #Unternehmer #Burnout"
2026-06-12,17:12,single,card-v2-ki-angebot.jpg,"Ein Angebot zu schreiben hat mich früher 45 Minuten gekostet. Heute: Stichpunkte rein, Vorlage + KI, fertig in 5.

Kein neues Tool – ein Prozess, der die Routine frisst, nicht deine Zeit.

Wo dein größter Zeitfresser sitzt, zeigt der kostenlose KI-Check (Link in Bio).

👉 Welche Routine würdest du zuerst automatisieren?

#KIfürUnternehmer #Automatisierung #Selbstständig"
2026-06-13,08:48,single,card-v2-vision-leben.jpg,"KI kann dir Stunden zurückgeben. Aber sie wird nie für dich entscheiden, wofür du sie nutzt.

Das ist die eigentliche Frage – und der ganze Sinn der Übung: nicht mehr arbeiten. Richtiger leben.

Peace · Love · Harmony – für mehr Menschlichkeit.

👉 Was tust du mit der Zeit, die du zurückbekommst?

#Sinn #Menschlichkeit #Vision"
2026-06-13,17:12,single,card-v2-substanz-sand.jpg,"„0 % Steuern!"" ist das lauteste Versprechen für Unternehmer. Und das brüchigste.

Wer seinen Standort wählt wie einen Fluchtweg, baut auf Sand. Wer ihn wählt wie ein Fundament, fragt nach Rechtssicherheit – nicht nach der kleinsten Zahl.

Glanz ist nicht Substanz. (Kein Steuer-/Rechtsrat – individuell klären.)

👉 Zahl oder Fundament?

#Substanz #Standort #Unternehmertum"
2026-06-14,08:48,single,card-v2-holding-char.jpg,"Die teuersten Fehler meiner Unternehmerjahre waren nie fachliche.

Es waren Menschen, bei denen ich über den Charakter hinweggesehen habe, weil das Können stimmte.

Skill matters. Character decides. Können bringt jemanden in den Raum – Charakter entscheidet, ob man bleiben will.

👉 Wonach wählst du, wenn beides nicht zusammenpasst?

#Leadership #Werte #Unternehmertum"
2026-06-14,17:12,carousel,card-vision-01.jpg;card-vision-02.jpg;card-vision-03.jpg;card-vision-04.jpg;card-vision-05.jpg;card-vision-06.jpg,"Ich baue nicht an Tools. Ich baue an Klarheit. Komplexität in Klarheit, Entscheidungen in Wirkung – der rote Faden durch alles.

Technologie im Dienst des Menschen. Nie andersrum. Peace · Love · Harmony – for more Humanity.

Wenn du diese Woche EINE Sache machst: Finde heraus, wo dir KI am meisten Zeit zurückgibt. 2 Min, kostet nichts. Link in Bio.

👉 Und dann fang an.

#Vision #KIfürUnternehmer #Substanz #Menschlichkeit"
2026-06-15,08:48,single,card-v2-ki-tools.jpg,"Du brauchst keine 50 Tools. Du brauchst 3 Hebel, konsequent umgesetzt.

Die meisten testen fünfzig und sparen am Ende null Stunden – weil sie beim Werkzeug anfangen, nicht beim Engpass.

Wo dein Engpass sitzt, zeigt der kostenlose KI-Check (Link in Bio).

👉 Welche Routine frisst dir gerade die meiste Zeit?

#KIfürUnternehmer #Klartext #Produktivität"
2026-06-15,17:12,single,card-reel-mo-ki.jpg,"Du brauchst kein neues KI-Tool. Du brauchst einen Prozess, der deine Routine frisst – nicht deine Zeit.

Drei Hebel konsequent schlagen fünfzig Tools sporadisch.

Wo dein größter Zeitfresser sitzt, zeigt der kostenlose KI-Check (Link in Bio).

👉 Welche Routine frisst dir die meiste Zeit?

#KIfürUnternehmer #Mittelstand #Produktivität"
2026-06-16,08:48,single,card-v2-ki-mails.jpg,"Letzte Woche, ein Unternehmer aus meinem Umfeld: jeden Abend 90 Minuten an Mails.

Wir haben seine 10 häufigsten Antworten zu Vorlagen gemacht. Eine Stunde Arbeit, einmal.

Diese Woche: 15 Minuten. Den Rest hat er seiner Familie zurückgegeben.

👉 Wo frisst dir Routine die meiste Zeit?

#KIfürUnternehmer #Produktivität #Mittelstand"
2026-06-16,17:12,carousel,card-substanz-01.jpg;card-substanz-02.jpg;card-substanz-03.jpg;card-substanz-04.jpg;card-substanz-05.jpg;card-substanz-06.jpg;card-substanz-07.jpg,"Vertrauen kann man nicht behaupten. Nur belegen.

Hinter dem, was ich baue, steckt kein Marketing-Konstrukt – sondern 22 Jahre Praxis: Verantwortung getragen, Menschen geführt, Betriebe gehalten.

Substanz kommt vor der Bühne. Execution over exposure.

👉 Woran machst du fest, dass hinter einer Fassade wirklich Substanz steckt? Speicher dir das.

#Substanz #Unternehmertum #Leadership #Handwerk"
2026-06-17,08:48,single,card-w2-01.jpg,"Du funktionierst. Termine, Zahlen, Erreichbarkeit – läuft.

Aber funktionieren und leben sind nicht dasselbe. Das Eine kann man jahrelang, ohne das Andere zu merken. Bis der Körper die Rechnung schickt.

Keine Schwäche. Eine ehrliche Frage, die sich zu wenige stellen.

👉 Wann hast du das letzte Mal nicht funktioniert, sondern gelebt?

#Unternehmer #MentaleGesundheit #Substanz"
2026-06-17,17:12,single,card-w2-02.jpg,"Die meisten KI-Projekte scheitern nicht an der KI. Sie scheitern daran, dass nie jemand gefragt hat: Wo geht die Zeit eigentlich verloren?

Eine Stunde am Tag sind 250 im Jahr – meist versteckt in Routine, die niemand mehr hinterfragt.

Genau da fängt sinnvolle KI an: beim Engpass, nicht beim Tool.

Wo deiner sitzt, zeigt der kostenlose KI-Check (Link in Bio).

👉 Welche Stunde würdest du dir zuerst zurückholen?

#KIfürUnternehmer #Produktivität #Mittelstand"
2026-06-18,08:48,single,card-w2-03.jpg,"„Wer Chaos automatisiert, bekommt schnelleres Chaos.""

KI verbessert keinen kaputten Prozess. Sie beschleunigt ihn. Wer unklare Abläufe digitalisiert, bekommt schneller unklare Ergebnisse – nur teurer.

Erst die Struktur. Dann das Tool. Nie andersrum.

👉 Welcher Prozess bei euch ist reif fürs Tool – und welcher erst für klare Köpfe?

#Substanz #Prozesse #Mittelstand"
2026-06-18,17:12,single,card-w2-04.jpg,"„KI ersetzt meine Mitarbeiter."" Höre ich oft. Stimmt nur nicht.

KI ersetzt nicht deine Leute. Sie ersetzt ihre langweiligste Stunde – die Routine-Mail, die Standard-Antwort, das ewig gleiche Formular.

Was bleibt: das Gespräch, das Urteil, der Mensch. Genau das, wofür du sie eingestellt hast.

Wo bei dir die meiste Routine sitzt, zeigt der kostenlose KI-Check (Link in Bio).

👉 Welche Routine würdest du deinem Team zuerst abnehmen?

#KIfürUnternehmer #Mittelstand #Automatisierung"
2026-06-19,08:48,single,card-w2-05.jpg,"Eine Firma wächst nie über den Charakter ihres Chefs hinaus.

22 Jahre Unternehmer haben mich das gelehrt – oft schmerzhaft. Strategie kann man kaufen, Tools auch. Charakter nicht. Und am Ende entscheidet genau der, wie weit es trägt.

👉 Woran misst du Charakter – bei dir und bei denen, mit denen du baust?

#Leadership #Unternehmertum #Werte"
2026-06-19,17:12,single,card-w2-06.jpg,"Eine Frage, die jeden Geschäftsführer angeht: Was steht still, wenn du morgen ausfällst?

Bei vielen Betrieben ziemlich viel – das Wissen über Angebote, Dispo, Kunden im Kopf einer einzigen Person. Kein Backup, kein Plan B.

Das ist kein KI-Problem. Es ist ein altes, mit neuem Werkzeug lösbar: Prozesse sichtbar machen, dokumentieren, entlasten.

Wo dein größter Single Point of Failure sitzt, findest du im kostenlosen KI-Check (Link in Bio).

👉 Welcher Prozess hängt bei euch an genau einer Person?

#Risikomanagement #Mittelstand #KIfürUnternehmer"
2026-06-20,08:48,single,card-w2-07.jpg,"Ein neues Tool auf einem kaputten Prozess macht das Chaos nur schneller.

Die Verlockung ist groß: noch eine Software, noch ein Abo, und alles wird gut. Wird es nicht. Werkzeug ohne klaren Ablauf erzeugt nur teureres Durcheinander.

Die unbequeme Reihenfolge: erst denken, dann digitalisieren.

👉 Wie viele Tools nutzt ihr – und wie viele davon wirklich?

#Digitalisierung #Prozesse #Klartext"
2026-06-20,17:12,single,card-w2-08.jpg,"Ich automatisiere nicht, um mehr zu schaffen. Sondern um Mensch zu bleiben.

Technik, die nur den Durchsatz erhöht, macht aus vollen Tagen vollere. Sinnvoll wird sie erst, wenn sie Raum schafft – fürs Gespräch, die Familie, den klaren Gedanken.

KI als Mittel, nicht als Zweck. Technologie im Dienst des Menschen.

Wo sie dir Raum schaffen kann, zeigt der kostenlose KI-Check (Link in Bio).

👉 Wofür hättest du gern mehr Raum?

#Menschlichkeit #KIfürUnternehmer #Vision"
2026-06-21,08:48,single,card-w2-09.jpg,"Die lauteste Zahl ist selten die ehrlichste.

„0 % Steuern"", „38.000 € Ersparnis"", „in 4 Wochen live"" – wer mit der größten Zahl wedelt, hat meist die dünnste Substanz dahinter. Druck verkauft. Vertrauen trägt.

Frag nicht nach dem lautesten Versprechen, sondern nach dem, was bleibt, wenn der Lärm weg ist.

👉 Worauf vertraust du mehr – die Zahl oder das Fundament?

#Substanz #Unternehmertum #Vertrauen"
2026-06-21,17:12,single,card-w2-10.jpg,"Angenommen, KI gibt dir eine Stunde am Tag zurück. Die eigentliche Frage kommt erst danach: Wem gehört diese Stunde wirklich?

Mehr Arbeit? Oder das, wofür du angefangen hast – Familie, Ruhe, der Mensch hinter dem Unternehmer?

KI kann dir Zeit schenken. Was du damit machst, entscheidest nur du.

Wo deine Zeit gerade verloren geht, zeigt der kostenlose KI-Check (Link in Bio).

👉 Was tätest du mit einer Stunde mehr – jeden Tag?

#Menschlichkeit #Sinn #KIfürUnternehmer"
2026-06-22,08:48,single,card-w2-11.jpg,"Nicht die schnellsten Tools gewinnen. Die klarsten Köpfe.

Die Halbwertszeit von KI-Tools ist kurz – was heute neu ist, ist in Monaten Standard. Was bleibt, ist die Fähigkeit, klar zu denken: Was will ich? Wofür? Für wen?

Klarheit schlägt Geschwindigkeit. Jedes Mal.

👉 Was würdest du klären, bevor du das nächste Tool kaufst?

#Vision #Klarheit #Zukunft"
2026-06-22,17:12,single,card-w2-12.jpg,"Wenn du diese Woche eine Sache machst, mach diese: Finde heraus, wo deine Zeit verloren geht.

Nicht raten – schauen. Der kostenlose KI-Check fragt dich in 2 Minuten durch deinen Alltag und zeigt dir die drei größten Zeitfresser, und wo KI wirklich helfen würde.

Kostet nichts. Link in Bio.

👉 Und dann: einen davon angehen. Nicht alle. Einen.

#KIfürUnternehmer #Produktivität #Mittelstand #DACH"
2026-06-23,08:48,single,card-w2-13.jpg,"22 Jahre. 33 Firmen. Eine Lektion zählt mehr als alle anderen:

Reichweite ist geliehen. Substanz gehört dir.

Aufmerksamkeit kommt und geht – mit dem Algorithmus, dem Trend, der Stimmung. Was du wirklich aufgebaut hast – Können, Vertrauen, Charakter – nimmt dir keiner.

👉 Worin investierst du gerade mehr: in Reichweite oder in Substanz?

#Unternehmertum #Substanz #Leadership"
2026-06-23,17:12,single,card-w2-14.jpg,"Vertrauen entsteht nicht aus dem lautesten Versprechen. Sondern aus Sorgfalt.

Gerade bei KI im Unternehmen: Wo liegen die Daten? Wer kontrolliert die Ergebnisse? Ist das DSGVO-sauber? Das sind keine Bremsen – das ist der Unterschied zwischen einem Pilotprojekt und einem Haftungsrisiko.

Wo du sinnvoll und sicher anfängst, zeigt der kostenlose KI-Check (Link in Bio).

👉 Was hält dich gerade ab – Unsicherheit oder fehlende Klarheit?

#KIfürUnternehmer #DSGVO #Vertrauen #Mittelstand"
2026-06-24,08:48,single,card-w3-01.jpg,"Erreichbarkeit ist nicht Verfügbarkeit. Anwesenheit nicht Präsenz.

Man kann den ganzen Tag erreichbar sein und trotzdem für niemanden wirklich da. Im Meeting sitzen und gedanklich woanders. Das merkt das Gegenüber – immer.

Weniger erreichbar, dafür wirklich präsent. Das ist kein Rückzug, das ist Respekt.

👉 Wann warst du das letzte Mal voll präsent – ohne Handy in Reichweite?

#Führung #Achtsamkeit #Unternehmer"
2026-06-24,17:12,single,card-w3-02.jpg,"80-Stunden-Woche klingt nach Einsatz. Meistens ist sie nur ein Symptom: zu viel vom Falschen.

Du brauchst nicht mehr Stunden. Du brauchst die richtigen 8 – die, die wirklich etwas bewegen. Der Rest ist Routine, die sich automatisieren lässt.

Welche deiner Stunden die wertvollen sind und welche KI übernehmen kann, zeigt der kostenlose KI-Check (Link in Bio).

👉 Wenn du morgen nur 8 Stunden hättest – was bliebe?

#KIfürUnternehmer #Produktivität #Fokus"
2026-06-25,08:48,single,card-w3-03.jpg,"Wer überall sichtbar sein will, ist nirgends spürbar.

Die Versuchung ist groß: jede Plattform, jeder Trend, jeden Tag. Am Ende ist man breit präsent und in nichts wirklich verankert.

Tiefe schlägt Reichweite. Lieber an einem Ort echt sein als an zehn Orten Lärm machen.

👉 Wo bist du wirklich spürbar – und wo nur sichtbar?

#Substanz #Markenführung #Fokus"
2026-06-25,17:12,single,card-w3-04.jpg,"Die häufigste Enttäuschung mit KI hat nichts mit der KI zu tun. Sondern mit der Anweisung.

Ein Prompt ist wie die Aufgabe an einen neuen Mitarbeiter: vage rein, vage raus. Wer klar sagt, was er will – für wen, mit welchem Ziel – bekommt brauchbare Ergebnisse. Wer murmelt, bekommt Murmeln zurück.

Wo du mit KI am meisten rausholst, zeigt der kostenlose KI-Check (Link in Bio).

👉 Wie klar formulierst du, was du eigentlich willst?

#KIfürUnternehmer #Klartext #Produktivität"
2026-06-26,08:48,single,card-w3-05.jpg,"Wachstum, das dich auffrisst, ist kein Wachstum. Es ist nur Lärm mit Umsatz.

22 Jahre Unternehmer haben mir das beigebracht – manchmal teuer. Mehr Kunden, mehr Mitarbeiter, mehr Standorte: klingt nach Erfolg, kann dich innerlich aushöhlen, wenn das Fundament nicht mitwächst.

Gesundes Wachstum trägt dich. Es zehrt nicht.

👉 Wächst dein Unternehmen gerade mit dir – oder gegen dich?

#Unternehmertum #Wachstum #Leadership"
2026-06-26,17:12,single,card-w3-06.jpg,"Alle fragen: Was kann KI? Die wichtigere Frage ist: Was sollte sie bei dir NICHT anfassen?

Das Kundengespräch, das schwierige Urteil, die Entscheidung mit Bauch und Verantwortung – manches gehört in Menschenhand und soll da bleiben. KI für die Routine, der Mensch fürs Wesentliche.

Wo die sinnvolle Grenze bei dir liegt, klärt der kostenlose KI-Check (Link in Bio).

👉 Was würdest du bewusst NICHT an KI abgeben?

#KIfürUnternehmer #Menschlichkeit #Mittelstand"
2026-06-27,08:48,single,card-w3-07.jpg,"Nicht das nächste KI-Jahr zählt. Sondern zehn Jahre Haltung.

Wir überschätzen, was Technik in einem Jahr verändert – und unterschätzen, was eine klare Haltung über zehn Jahre aufbaut. Tools kommen und gehen. Wofür du stehst, bleibt.

Deshalb: erst die Haltung, dann das Werkzeug.

👉 Wofür stehst du – unabhängig von jedem Tool?

#Haltung #Vision #Substanz"
2026-06-27,17:12,single,card-w3-08.jpg,"Du planst Termine für alle: Kunden, Mitarbeiter, Lieferanten. Der teuerste Termin ist der, den du dir selbst nie gibst.

Zeit zum Denken. Zeit für Familie. Zeit, einfach mal nichts zu tun. Die fällt zuerst weg – und kostet am meisten.

KI kann dir Routine abnehmen, damit dieser Termin wieder Platz hat. Wo, zeigt der kostenlose KI-Check (Link in Bio).

👉 Wann ist dein nächster Termin mit dir selbst?

#Menschlichkeit #Selbstführung #KIfürUnternehmer"
2026-06-28,08:48,single,card-w3-09.jpg,"Nicht jeder Kunde ist dein Kunde. Das zu wissen, ist Substanz.

Früher hab ich jeden genommen – aus Angst, etwas zu verpassen. Die teuersten Aufträge waren die, die nie zu mir passten: viel Reibung, wenig Sinn.

Wer Nein zum Falschen sagt, hat Platz fürs Richtige. Auswahl ist kein Luxus, sondern Klarheit.

👉 Welchen Kunden würdest du heute nicht mehr annehmen?

#Substanz #Unternehmertum #Klarheit"
2026-06-28,17:12,single,card-w3-10.jpg,"Wenn du diese Woche eine Sache machst, mach diese: Finde deinen einen Engpass.

Nicht zehn Baustellen. Den einen Prozess, der dich am meisten Zeit, Nerven oder Geld kostet. Der kostenlose KI-Check führt dich in wenigen Minuten dorthin – und zeigt, wo KI wirklich hilft.

Kostet nichts. Link in Bio.

👉 Und dann: nur diesen einen angehen. Nicht alle.

#KIfürUnternehmer #Produktivität #Mittelstand #DACH"
2026-06-29,08:48,single,card-w3-11.jpg,"Am Ende zählt nicht, wie viel du automatisiert hast. Sondern wie viel Mensch übrig blieb.

Man kann ein Unternehmen so glatt optimieren, dass nichts Menschliches mehr durchkommt. Effizient – und seelenlos. Das ist nicht das Ziel.

Technik soll Raum schaffen für das, was uns ausmacht: Beziehung, Urteil, Wärme. Nicht es wegrationalisieren.

👉 Wo bleibt bei dir bewusst der Mensch?

#Menschlichkeit #Vision #Technologie"
2026-06-29,17:12,single,card-w3-12.jpg,"KI macht aus einer guten Idee schnell zehn. Welche davon die richtige ist, bleibt deine Arbeit.

Das ist die Falle: KI liefert Optionen im Sekundentakt, und plötzlich verwechselt man Auswahl mit Fortschritt. Mehr Ideen sind nicht mehr Klarheit. Entscheiden kann sie dir nicht abnehmen.

Wo KI dich entlastet, ohne dir das Steuer zu nehmen, zeigt der kostenlose KI-Check (Link in Bio).

👉 Triffst du Entscheidungen schneller – oder nur mehr davon?

#KIfürUnternehmer #Entscheidung #Klartext"
2026-06-30,08:48,single,card-w3-13.jpg,"22 Jahre Unternehmer, 33 Firmen – die beste Investition war kein Tool und kein Deal. Es war: Nein sagen können.

Nein zu Kunden, die nicht passen. Nein zu Projekten, die nur schmeicheln. Nein zur ständigen Ablenkung. Jedes Nein zum Falschen ist ein Ja zum Wesentlichen.

👉 Wozu solltest du gerade öfter Nein sagen?

#Unternehmertum #Fokus #Leadership"
2026-06-30,17:12,single,card-w3-14.jpg,"Vertrauen baut man in Jahren auf – und in einer einzigen Mail ab.

Gerade beim KI-Einsatz: eine schludrig automatisierte Antwort, ein Datenleck, ein Fehler ohne Kontrolle – und Jahre an Vertrauen sind weg. Tempo ist nichts wert ohne Sorgfalt.

Deshalb KI mit Bedacht: wo sie sicher hilft und wo der Mensch prüfen muss, klärt der kostenlose KI-Check (Link in Bio).

👉 Wo könnte Bequemlichkeit dich gerade Vertrauen kosten?

#Vertrauen #Substanz #KIfürUnternehmer #DSGVO"
2026-07-01,08:48,single,card-w4-01.jpg,"Ich kenne nicht nur Aufbau. Ich kenne auch Verlust, Umbruch, das Gefühl, wenn Sicherheiten wegbrechen.

Insolvenz kenne ich nicht als Begriff – sondern als Wirklichkeit. Und trotzdem stehe ich hier. Gefallen, aufgestanden, weitergebaut.

Das ist kein Makel. Das ist Fundament. Wer einmal ganz unten war, baut anders – ehrlicher, fester, ohne Illusion.

👉 Was hat dich gelehrt, wieder aufzustehen?

#Unternehmer #Resilienz #Substanz"
2026-07-01,17:12,single,card-w4-02.jpg,"Seit 1999 bin ich selbstständig. Mehr als zwei Jahrzehnte – Aufbau, Verantwortung, Führung, auch Scheitern.

Unternehmertum kenne ich nicht aus der Theorie. Ich kenne es von innen: die schlaflosen Nächte, die Entscheidungen, an denen Existenzen hängen, das Gefühl, wenn es trägt.

Das nimmt mir keiner mehr. Erfahrung ist die einzige Währung, die man nicht kaufen kann.

👉 Seit wann gehst du deinen Weg?

#Unternehmertum #Erfahrung #Leadership"
2026-07-02,08:48,single,card-w4-03.jpg,"Ich kenne das Leben ohne doppelten Boden. Früh musste ich lernen, mit Unsicherheit umzugehen – ohne Netz, ohne Plan B, ohne jemanden, der auffängt.

Das prägt. Es macht dich entweder hart oder klar. Ich habe mich für klar entschieden.

Vielleicht ist das mein eigentliches Handwerk: stehen, wenn der Boden wackelt.

👉 Was hat dich früh stark gemacht?

#Mensch #Resilienz #Unternehmer"
2026-07-02,17:12,single,card-w4-04.jpg,"Ich baue Technologie nach einem einzigen Prinzip: Sie soll dem Leben dienen. Nicht umgekehrt.

Zu viel Technik macht Menschen kleiner statt freier – mehr Tempo, weniger Sinn. Das ist nicht Fortschritt. Das ist nur Beschleunigung.

KI ist für mich ein Werkzeug, das dir Zeit zurückgibt für das, was nur du kannst: Mensch sein.

Wo sie dir Zeit zurückgeben kann, zeigt der kostenlose KI-Check (Link in Bio).

👉 Dient dir deine Technik – oder dienst du ihr?

#KIfürUnternehmer #Menschlichkeit #Technologie"
2026-07-03,08:48,single,card-w4-05.jpg,"Ich glaube an Fortschritt mit Haltung. Mit Integrität. Fortschritt, der dem Leben dient, statt sich von ihm zu entfernen.

Man kann schnell bauen oder richtig bauen. In 22 Jahren habe ich gelernt: Was ohne Haltung wächst, fällt irgendwann in sich zusammen. Was auf Werten steht, trägt.

Nicht jeder Fortschritt ist Fortschritt. Nur der, der den Menschen mitnimmt.

👉 Worauf baust du – Tempo oder Haltung?

#Haltung #Vision #Integrität"
2026-07-03,17:12,single,card-w4-06.jpg,"Die beste Technik ist nicht die, die am meisten kann. Sondern die, die dich am meisten Mensch sein lässt.

Wenn KI dir die Routine abnimmt – die Mail, das Formular, die Wiederholung – bleibt Raum für das, wofür dich keiner ersetzt: das Gespräch, das Urteil, die Beziehung.

Technik soll dich nicht ersetzen. Sie soll dich freispielen.

Wo sie das bei dir kann, zeigt der kostenlose KI-Check (Link in Bio).

👉 Wofür hättest du gern wieder mehr Mensch-Zeit?

#KIfürUnternehmer #Menschlichkeit #Mittelstand"
2026-07-04,08:48,single,card-w4-07.jpg,"Der 17. Juni 2017 hat mein Leben in seinem Kern verändert.

Ich spreche selten darüber. Aber an diesem Tag habe ich gelernt, was wirklich zählt – und was nicht. Wie schnell alles, worauf man baut, bedeutungslos werden kann. Und was bleibt, wenn alles andere wegfällt.

Seitdem baue ich anders. Nicht mehr für die Zahl, nicht für den Applaus. Für das, was dem Leben dient. Für mehr Menschlichkeit.

Manche Tage nehmen dir etwas – und geben dir dafür eine Klarheit, die ein Leben lang hält.

👉 Was müsste passieren, damit du das Wichtige wieder wichtig nimmst?

#Mensch #Substanz #Menschlichkeit"
2026-07-04,17:12,single,card-w4-08.jpg,"Aufgeben ist keine Antwort.

Ich habe Verlust erlebt, Umbruch, Tage, an denen alles dafür sprach, hinzuwerfen. Ich habe es nicht getan. Nicht aus Sturheit – aus Überzeugung.

Gesagt. Getan. Ich entscheide mich nicht leichtfertig. Aber wenn ich mich entscheide, dann steht es.

Das ist kein Spruch fürs Poster. Das ist die Haltung, die mich durch jede Krise getragen hat.

👉 Wo brauchst du gerade genau diesen Satz?

#Resilienz #Haltung #Unternehmer"
2026-07-05,08:48,single,card-w4-09.jpg,"Ich baue Technologie mit Verantwortung. Und Vision mit Umsetzungskraft, die dem Leben dient.

Visionen sind billig, wenn niemand sie trägt. Umsetzung ohne Vision ist blind. Beides zusammen – das ist die Arbeit. Und die Verantwortung dafür, wem das Ergebnis am Ende nützt.

Ich frage bei allem, was ich baue, dieselbe Frage: Dient es dem Menschen? Wenn nicht, lasse ich es.

👉 Wofür übernimmst du Verantwortung – über deinen eigenen Vorteil hinaus?

#Vision #Verantwortung #Zukunft"
2026-07-05,17:12,single,card-w4-10.jpg,"Wenn du diese Woche eine Sache machst, dann diese: geh den einen ersten Schritt.

Nicht alles auf einmal. Nicht zehn Tools, nicht die große Transformation. Einen Schritt. Der kostenlose KI-Check zeigt dir in wenigen Minuten, welcher das ist – wo du anfängst, damit es wirklich etwas bringt.

Kostet nichts. Link in Bio.

👉 Und dann: nur diesen einen gehen.

#KIfürUnternehmer #Produktivität #Mittelstand #DACH"
2026-07-06,08:48,single,card-w4-11.jpg,"Ich kenne den Boden. Deshalb baue ich auf Fundament.

Wer einmal ganz unten war, baut anders. Nicht auf Glanz, nicht auf den schnellen Schein – auf das, was trägt, wenn der Wind dreht.

Substanz ist nicht das, was glänzt. Substanz ist das, was bleibt, wenn der Applaus weg ist.

Deshalb prüfe ich bei allem zuerst: Steht das auf Fels – oder auf Sand?

👉 Worauf baust du gerade?

#Substanz #Fundament #Unternehmertum"
2026-07-06,17:12,single,card-w4-12.jpg,"Gesagt. Getan.

In 22 Jahren habe ich gelernt: Ein Wort ist nur so viel wert wie die Tat, die folgt. Reden können viele. Liefern, wenn es zählt – das trennt die Spreu vom Weizen.

Ich entscheide mich nicht leichtfertig. Aber wenn ich mich entscheide, dann steht es. Darauf können sich Menschen verlassen. Und genau das ist Vertrauen: nicht das größte Versprechen, sondern das gehaltene.

👉 Woran erkennst du, dass auf jemanden Verlass ist?

#Vertrauen #Leadership #Substanz"
2026-07-07,08:48,single,card-w4-13.jpg,"Erst der Mensch. Dann der Unternehmer.

Jahrelang war es umgekehrt. Ich war zuerst die Firma, die Zahl, die Rolle – und irgendwo dahinter noch ein Mensch. Das geht eine Weile gut. Bis es das nicht mehr tut.

Heute weiß ich: Das Unternehmen ist nur so gesund wie der Mensch, der es führt. Wer sich selbst verliert, verliert am Ende auch das, was er aufgebaut hat.

👉 Kommst du bei dir selbst noch vor – oder erst nach allem anderen?

#Mensch #Selbstführung #Unternehmer"
2026-07-07,17:12,single,card-w4-14.jpg,"Peace · Love · Harmony. For more Humanity.

Das ist kein Marketing-Slogan. Das ist der Kompass hinter allem, was ich baue. Nach allem, was ich erlebt habe – Aufbau und Verlust, Höhe und Boden – bleibt für mich eine Frage: Macht das die Welt ein Stück menschlicher?

Wenn ja, ist es den Aufwand wert. Wenn nein, lasse ich es.

Für mehr Menschlichkeit – das ist meine Vision. Und mein Maßstab.

👉 Was wäre deiner?

#Menschlichkeit #Vision #Werte"
2026-06-27,08:00,reel,reel-yig-trailer.mp4,"Willkommen in unserem Universum. 🦉

Das ist YIG – der Begleiter durch alles, was hier entsteht. Hinter den Marken, den Projekten, der Technologie steht eine einzige Idee: Fortschritt soll dem Menschen dienen. Nicht umgekehrt.

Ab jetzt erzählen wir diese Geschichte auch in Bewegtbild – ehrlich, nah, Schritt für Schritt.

Für mehr Menschlichkeit. 🤍

#FürMehrMenschlichkeit #Unternehmer #Vision #Substanz #Menschlichkeit"
2026-06-27,09:00,reel,reel-yig-vorstellung.mp4,"Willkommen in unserem Universum. 🦉

Das ist YIG – der Begleiter durch alles, was hier entsteht. Hinter den Marken, den Projekten, der Technologie steht eine einzige Idee: Fortschritt soll dem Menschen dienen. Nicht umgekehrt.

Ab jetzt erzählen wir diese Geschichte auch in Bewegtbild – ehrlich, nah, Schritt für Schritt.

Für mehr Menschlichkeit. 🤍

#FürMehrMenschlichkeit #Unternehmer #Vision #Substanz #Menschlichkeit"
2026-07-18,11:37,carousel,card-pat-01.jpg;card-pat-02.jpg;card-pat-03.jpg;card-pat-04.jpg;card-pat-05.jpg;card-pat-06.jpg,"Du hast nicht zu wenig Zeit. Du hast zu viele Rollen.

Wer allein oder fast allein einen Betrieb trägt, kennt das: Du bist Chef und Buchhaltung und Marketing und Support – oft alles am selben Nachmittag.

Der übliche Reflex, wenn es zu viel wird: jemanden einstellen. Nur verteilen sich die Funktionen, die ein Betrieb wirklich braucht, auf rund 79 Fachkraft-Rollen in 9 Bereichen. Am Markt kosten die als Menschen etwa 293.800 € im Monat (DACH-Schnitt, Quelle: patronos.ai/vorteil).

Genau da setzt PATRONOS.AI an. Und ehrlich gesagt das Wichtigste: Es ersetzt keine Menschen. Es übernimmt die Funktionen dieser Rollen – als ein Organismus über all deine Marken. Nichts geht nach außen ohne deinen Klick. Noch Beta, ab 369 € im Monat, monatlich kündbar.

→ Speicher dir das, wenn du gerade zu viele Hüte trägst.
→ Und schick es jemandem, der alles allein stemmt.

Wie viele Rollen trägst du an einem normalen Tag?

#Soloselbststaendig #Mittelstand #Unternehmertum #KIfürUnternehmer"
2026-07-19,13:23,carousel,card-pat-a-01.jpg;card-pat-a-02.jpg;card-pat-a-03.jpg;card-pat-a-04.jpg;card-pat-a-05.jpg;card-pat-a-06.jpg,"„Ich wollte nie, dass eine Maschine für mich entscheidet.“

Deshalb baue ich PATRONOS.AI so, dass sie es nie tut.

Jeder Vorschlag wartet. Nichts geht raus ohne deinen Klick. Das System sieht das Ganze über all deine Marken – aber die Hand am Steuer bleibt deine.

Ehrlich gesagt das Wichtigste: Es ersetzt keine Menschen. Es übernimmt die Funktionen der Rollen, die ein Betrieb braucht – du bleibst der Patron. Noch Beta, ab 369 € im Monat, monatlich kündbar.

→ Speicher dir das, wenn du dir mehr System, aber keine abgegebene Kontrolle wünschst.
→ Und schick es jemandem, der genau davor zögert.

Wie viel würdest du an eine KI abgeben – und wo endet für dich die Grenze?

Neugierig, wie das für dich aussieht? Der Link steht im Profil. → patronos.ai/zugang

#Soloselbststaendig #KIfürUnternehmer #Mittelstand #Substanz"
2026-07-21,11:41,carousel,card-pat-b-01.jpg;card-pat-b-02.jpg;card-pat-b-03.jpg;card-pat-b-04.jpg;card-pat-b-05.jpg;card-pat-b-06.jpg,"Wer ist dein teuerster Mitarbeiter?

Meistens: du selbst. Jede Stunde, die du in Buchhaltung, Support und Marketing steckst, ist deine – unbezahlt und nicht skalierbar.

Die Funktionen, die ein Betrieb wirklich braucht, verteilen sich auf rund 79 Fachkraft-Rollen in 9 Bereichen. Am Markt kosten die als Menschen etwa 293.800 € im Monat (DACH-Schnitt, Quelle: patronos.ai/vorteil).

PATRONOS.AI übernimmt die Funktionen dieser Rollen – als ein Organismus über all deine Marken, ab 369 € im Monat. Kein Ersatz für Menschen. Noch Beta, monatlich kündbar.

→ Speicher dir die Zahl.
→ Schick es jemandem, der allein alles stemmt.

Welche Rolle frisst bei dir gerade die meiste Zeit?

Sieh dir an, was es für dich übernimmt → patronos.ai/zugang (Link im Profil)

#Unternehmertum #Mittelstand #KIfürUnternehmer #Soloselbststaendig"
2026-07-23,14:09,carousel,card-pat-c-01.jpg;card-pat-c-02.jpg;card-pat-c-03.jpg;card-pat-c-04.jpg;card-pat-c-05.jpg;card-pat-c-06.jpg,"„Das System wächst täglich. Dein Preis bleibt.“

PATRONOS.AI ist Beta – das sagen wir offen. Kein fertiges Wunder, sondern ein Organismus, der jede Woche mehr kann: die Funktionen von rund 79 Rollen über all deine Marken, 9 Bereiche.

Und das Wichtigste: Nichts geht raus ohne deinen Klick. Das System schlägt vor, du entscheidest. Du bleibst der Patron.

Ab 369 € im Monat, monatlich kündbar, 8 % günstiger bei Jahreszahlung. Wer jetzt einsteigt, hält den Beta-Preis – auch wenn das System wächst.

→ Speicher dir das, wenn du früh dabei sein willst.
→ Und teile es mit jemandem, der auf so etwas wartet.

Würdest du lieber früh und roh einsteigen – oder warten, bis alles fertig ist?

Frag nach Zugang → patronos.ai/zugang (Link im Profil)

#KIfürUnternehmer #Beta #Mittelstand #Substanz"
2026-07-25,12:34,carousel,card-pat-d-01.jpg;card-pat-d-02.jpg;card-pat-d-03.jpg;card-pat-d-04.jpg;card-pat-d-05.jpg;card-pat-d-06.jpg,"Du hast gegründet, um frei zu sein. Und wurdest dein eigener Angestellter.

Buchhaltung nachts. Support am Wochenende. Marketing zwischen zwei Terminen. Das nächste Tool rettet dich nicht – zehn Abos, zehn Log-ins, und trotzdem hängt alles an dir.

PATRONOS.AI ist ein Organismus, der die Funktionen von rund 79 Rollen über all deine Marken übernimmt – 9 Bereiche. Kein Ersatz für Menschen: Er gibt dir Zeit zurück. Und nichts geht raus ohne deinen Klick. Noch Beta, ehrlich gesagt.

Ab 369 € im Monat, monatlich kündbar.

→ Speicher dir das, wenn du dich hier wiedererkennst.
→ Und schick es jemandem, der auch sein eigener Angestellter geworden ist.

Frei sein heißt nicht mehr Tools – es heißt weniger tragen. Wie fühlt sich das bei dir gerade an?

Neugierig, wie das für dich aussieht? → patronos.ai/zugang (Link im Profil)

#Unternehmertum #Selbststaendig #Mittelstand #KIfürUnternehmer"
2026-07-28,13:47,carousel,card-pat-e-01.jpg;card-pat-e-02.jpg;card-pat-e-03.jpg;card-pat-e-04.jpg;card-pat-e-05.jpg;card-pat-e-06.jpg,"Was macht dein Betrieb, während du schläfst?

Heute: nichts. Er wartet auf dich. Jeder Posteingang, jede Rechnung, jede Idee liegt, bis du wach bist.

Stell dir ein System vor, das nachts weiterdenkt und morgens Vorschläge bereitlegt – die Funktionen von rund 79 Rollen über all deine Marken, 9 Bereiche. Aber: nichts geht raus ohne deinen Klick. Es arbeitet vor, du entscheidest, du bleibst der Patron.

Noch Beta – und es wächst täglich. Ab 369 € im Monat, monatlich kündbar. Wer jetzt einsteigt, hält den Beta-Preis, auch wenn das System wächst.

→ Speicher dir das für den nächsten müden Montagmorgen.
→ Und teile es mit jemandem, der zu viel allein trägt.

Aufwachen und der wichtigste Teil ist schon vorgedacht – was würdest du als Erstes abgeben?

Sieh dir an, was es für dich vorbereitet → patronos.ai/zugang (Link im Profil)

#KIfürUnternehmer #Automatisierung #Mittelstand #Substanz"
2026-07-30,11:52,carousel,card-pat-f-01.jpg;card-pat-f-02.jpg;card-pat-f-03.jpg;card-pat-f-04.jpg;card-pat-f-05.jpg;card-pat-f-06.jpg,"Ich hatte auch Angst, die Kontrolle abzugeben.

Eine Maschine, die still Dinge tut, die ich nicht sehe – das wollte ich nie. Also habe ich eine gebaut, die nichts allein tut: Jeder Vorschlag wartet sichtbar auf deine Freigabe.

So fühlt es sich nicht an wie Kontrolle abgeben, sondern wie Kontrolle gewinnen – über all deine Marken. PATRONOS.AI deckt die Funktionen von rund 79 Rollen in 9 Bereichen ab. Es ersetzt keine Menschen, es übernimmt Funktionen. Und ja: Es ist Beta, das sagen wir offen.

Ab 369 € im Monat, monatlich kündbar.

→ Speicher dir das, wenn dich derselbe Zweifel bremst.
→ Und schick es jemandem, der bei KI noch zögert.

Vertrauen entsteht, wenn du jederzeit Nein sagen kannst. Was müsste ein System können, damit du ihm die erste Aufgabe gibst?

Frag nach Zugang, in deinem Tempo → patronos.ai/zugang (Link im Profil)

#KIfürUnternehmer #Vertrauen #Mittelstand #Unternehmertum"
2026-07-22,12:47,reel,reel-pat-b.mp4,"Dein teuerster Mitarbeiter bist du selbst.

Jede Stunde in Buchhaltung, Support und Marketing ist deine Stunde. Die Funktionen eines Betriebs verteilen sich auf 79 Rollen in 9 Bereichen – marktueblich 293.800 €/Monat, wenn du sie als Menschen anstellst (Quelle: patronos.ai/vorteil).

PATRONOS.AI uebernimmt ihre Funktionen – ab 369 €/Monat, monatlich kuendbar. Kein Ersatz fuer Menschen, ein Organismus, der die Rollen abdeckt. Noch Beta: das System waechst taeglich, dein Preis bleibt.

👉 Frag nach Zugang: patronos.ai/zugang

Speicher dir das, wenn du gerade dein eigener teuerster Mitarbeiter bist – und schick's dem Unternehmer, der's auch ist.

#KIfürUnternehmer #Automatisierung #DACH #Unternehmertum"
